Strain-unique 21mer coordinates,Sequence,Strain-specificity
>Chr:IV_15548234_15548255_,TACGATTATTTGAACAAATAA,N2-unique
>Chr:IV_15555282_15555303_,CTGGGTACGAAGAAAGGAAAA,N2-unique
>Chr:IV_15560666_15560687_,CTCATTACAAAAAAAAAGCCA,N2-unique
>Chr:IV_15565776_15565797_,TAATATGCAAAATTGAAGTTG,N2-unique
>Chr:IV_15565944_15565965_,AAAGTAGGCAGAATTATCTTA,N2-unique
>Chr:IV_15566413_15566434_,TGGGATATTCAATTGCAATTT,N2-unique
>Chr:IV_15567255_15567276_,TAATTCCAGATTTTCAAAGTG,N2-unique
>Chr:IV_15567258_15567279_,TTCCAGATTTTCAAAGTGCTA,N2-unique
>Chr:IV_15568696_15568717_,TTTGAAACAGATGACAGATTA,N2-unique
>Chr:IV_15570338_15570359_,AAAATACAGTCTACATGGAAA,N2-unique
>Chr:IV_15619238_15619259_,TTACAATGTTCCAAAAAAAAG,N2-unique
>Chr:IV_15620563_15620584_,TGAACCGAAAATTTCACAAAA,N2-unique
>Chr:IV_15620564_15620585_,GAACCGAAAATTTCACAAAAA,N2-unique
>Chr:IV_15620792_15620813_,TTTTTCTCCCTTTCAAAGCCT,N2-unique
>Chr:IV_15621008_15621029_,TAGGAGAAACAAGTGTGTTGT,N2-unique
>Chr:IV_15626393_15626414_,TCAAAAACATTCAGAATACCA,N2-unique
>Chr:IV_15626556_15626577_,TTTCACATTGTCAGAGAAAAC,N2-unique
>Chr:IV_15626557_15626578_,TTCACATTGTCAGAGAAAACT,N2-unique
>Chr:IV_15648187_15648208_,GTTTCCCGACGAGTAGATTTC,N2-unique
>Chr:IV_15650448_15650469_,GGTCCCGATCCTCTTCGATTG,N2-unique
>Chr:IV_15658640_15658661_,TGGGAAGTTTGGTCTTACGGC,N2-unique
>Chr:IV_15673822_15673843_,TGCACCGTTTTTTCTGTTTCT,N2-unique
>Chr:IV_15677712_15677733_,CAAGAATAAAAAAAAACAAGA,N2-unique
>Chr:IV_15702861_15702882_,TATTTTTTTAGAATCCATTTA,N2-unique
>Chr:IV_15733503_15733524_,AAATTCAAAATTGTCTGGTCA,N2-unique
>Chr:IV_15754132_15754153_,GGCTTAAATTTCTCCATTCTA,N2-unique
>Chr:IV_15754588_15754609_,TTCTCGAAGAAAATTTAAAAG,N2-unique
>Chr:IV_15754905_15754926_,TTGCATTTCAATTGTTATGTT,N2-unique
>Chr:IV_15755602_15755623_,TGAATTCGTGCTTTGGATAAC,N2-unique
>Chr:IV_15755738_15755759_,AATTCGGAAATCACAATCACA,N2-unique
>Chr:IV_15755886_15755907_,TAAATATGAATTTTTGATATG,N2-unique
>Chr:IV_15755947_15755968_,CAAAGTGTAGCAAAAGTATCA,N2-unique
>Chr:IV_15755948_15755969_,AAAGTGTAGCAAAAGTATCAA,N2-unique
>Chr:IV_15755950_15755971_,AGTGTAGCAAAAGTATCAATA,N2-unique
>Chr:IV_15755952_15755973_,TGTAGCAAAAGTATCAATAAA,N2-unique
>Chr:IV_15756468_15756489_,AATTGCGTATACGTCAACAAA,N2-unique
>Chr:IV_15757138_15757159_,ACTGTTAATTCAAAACTGACA,N2-unique
>Chr:IV_15757408_15757429_,TTCTCGAAGAAAATTTAAAAG,N2-unique
>Chr:IV_15760143_15760164_,TGAATTTAGTGACATTGATAC,N2-unique
>Chr:IV_15761302_15761323_,TCTGGATTTGTTTTTCATTTA,N2-unique
>Chr:IV_15761410_15761431_,TATTTCATCTAATCGTAGTTT,N2-unique
>Chr:IV_15761543_15761564_,TCCGCTTGCTCTCACCGTAAT,N2-unique
>Chr:IV_15772366_15772387_,TTTTAACCTTTTTTGTCGTTT,N2-unique
>Chr:IV_15775208_15775229_,TTGTCTCTGTGTGGGTATATC,N2-unique
>Chr:IV_15775526_15775547_,TTTTAATGGAAATTGCAGTTC,N2-unique
>Chr:IV_15776645_15776666_,GGGTTCCCATCTGATACAATA,N2-unique
>Chr:IV_15777447_15777468_,TCTTTATAGGTTTCATTTCTG,N2-unique
>Chr:IV_15777727_15777748_,TAAAAAAGTTAAATGCCTGAA,N2-unique
>Chr:IV_15781313_15781334_,TTTTTTTGCTAAGAGATATCG,N2-unique
>Chr:IV_15781862_15781883_,TATTCGAATTTAAGATGAGTA,N2-unique
>Chr:IV_15781998_15782019_,TACCATGCCAGCACGACTATA,N2-unique
>Chr:IV_15782007_15782028_,AGCACGACTATATTAAGCAAG,N2-unique
>Chr:IV_15782171_15782192_,TGGGAGAATAGTAAGGACGTG,N2-unique
>Chr:IV_15804456_15804477_,TCGTTTTTGGAAAAAAAAACT,N2-unique
>Chr:IV_15807334_15807355_,TCTGTGATTAAATTGTGGTTA,N2-unique
>Chr:IV_15811080_15811101_,TAATTTTAAATCATCGTGAAG,N2-unique
>Chr:IV_15816825_15816846_,TTAATGCGATGTGGGTTCAAT,N2-unique
>Chr:IV_15818708_15818729_,ACTCTCGAAAAAGTTTCTTAA,N2-unique
>Chr:IV_15822175_15822196_,TTGAAGTACACGCTTTACACA,N2-unique
>Chr:IV_15822176_15822197_,TGAAGTACACGCTTTACACAA,N2-unique
>Chr:IV_15857849_15857870_,AATCTAAAAGTAAACGGATTA,N2-unique
>Chr:IV_15857852_15857873_,CTAAAAGTAAACGGATTAATA,N2-unique
>Chr:IV_15857853_15857874_,TAAAAGTAAACGGATTAATAA,N2-unique
>Chr:IV_15858475_15858496_,TTTTCATGAGTTTCTGGATTG,N2-unique
>Chr:IV_15858846_15858867_,ATAGGTCAAAATCCAAATCAA,N2-unique
>Chr:IV_15866086_15866107_,TACTGTTTTAACAACTCACTA,N2-unique
>Chr:IV_15868450_15868471_,TACACCGGAGCACTAAGGTAG,N2-unique
>Chr:IV_15872574_15872595_,ACAAAGACCAAACTTCACCCA,N2-unique
>Chr:IV_15872575_15872596_,CAAAGACCAAACTTCACCCAA,N2-unique
>Chr:IV_15872577_15872598_,AAGACCAAACTTCACCCAATA,N2-unique
>Chr:IV_15872578_15872599_,AGACCAAACTTCACCCAATAA,N2-unique
>Chr:IV_15872579_15872600_,GACCAAACTTCACCCAATAAA,N2-unique
>Chr:IV_15874004_15874025_,TTTTTTTTAACCAGACTTCCA,N2-unique
>Chr:IV_15885481_15885502_,AATGCCGTATACATCATGGTA,N2-unique
>Chr:IV_15897137_15897158_,GTGCCATATTTTCATAAGCTA,N2-unique
>Chr:IV_15900534_15900555_,GATTTCCCTATCTTCCATTAA,N2-unique
>Chr:IV_15900537_15900558_,TTCCCTATCTTCCATTAAGCA,N2-unique
>Chr:IV_15903594_15903615_,CTGACTTAGATATTCTGCATG,N2-unique
>Chr:IV_15907524_15907545_,ATTCCTCGATGTCCATGAATA,N2-unique
>Chr:IV_15239060_15239081_,TCTGTCTCAAATTTAAGTAAA,CB4856-unique
>Chr:IV_15239623_15239644_,AAAATGGTCAAGGGGGGAGGA,CB4856-unique
>Chr:IV_15239974_15239995_,CGGGATCAACCGAATGTAAGA,CB4856-unique
>Chr:IV_15240376_15240397_,TTTGCCCTTTACCGTTCTATT,CB4856-unique
>Chr:IV_15240829_15240850_,TTTTCCTCCTGTTTCAAGAAT,CB4856-unique
>Chr:IV_15241322_15241343_,ATCATGACAATAGCTGGAGGA,CB4856-unique
>Chr:IV_15245506_15245527_,TTTGGAATCCAAACGAAGGTC,CB4856-unique
>Chr:IV_15245738_15245759_,TCGGGATCCATTATTTGTATT,CB4856-unique
>Chr:IV_15246111_15246132_,TCGAAAAAATATTTTTATAGG,CB4856-unique
>Chr:IV_15246462_15246483_,GTTTACACGAAGTTTGCGAAA,CB4856-unique
>Chr:IV_15246466_15246487_,ACACGAAGTTTGCGAAATTGA,CB4856-unique
>Chr:IV_15246703_15246724_,TCTCATCGCTATGAGTAGATG,CB4856-unique
>Chr:IV_15246708_15246729_,TCGCTATGAGTAGATGCAAAA,CB4856-unique
>Chr:IV_15246929_15246950_,TAGACAATTCTAAAAACTGAA,CB4856-unique
>Chr:IV_15247164_15247185_,CACCATCACAACTTGTCAAAA,CB4856-unique
>Chr:IV_15247480_15247501_,TGTTTACATTTTTCTGGCAAG,CB4856-unique
>Chr:IV_15247915_15247936_,GTCAAATACTTTTTTTTTCAA,CB4856-unique
>Chr:IV_15248128_15248149_,GAGAACAGCGAATTTCGTCTA,CB4856-unique
>Chr:IV_15249218_15249239_,TCGTCAATCCATACCTTGTTA,CB4856-unique
>Chr:IV_15252234_15252255_,GATGATGTTTCTATAGTTGTA,CB4856-unique
>Chr:IV_15262840_15262861_,TTGATCAGATTTGCTTCAGCA,CB4856-unique
>Chr:IV_15268860_15268881_,TTTCTCTTTGACAGCCGTATG,CB4856-unique
>Chr:IV_15275469_15275490_,TAGTTTTTAGAATCGTATAGT,CB4856-unique
>Chr:IV_15275472_15275493_,TTTTTAGAATCGTATAGTTTT,CB4856-unique
>Chr:IV_15291182_15291203_,TGTTCAAAAAACAGAGGAAAA,CB4856-unique
>Chr:IV_15300399_15300420_,TTCAGAATGGAATCCAAAGAA,CB4856-unique
>Chr:IV_15300402_15300423_,AGAATGGAATCCAAAGAATTA,CB4856-unique
>Chr:IV_15324266_15324287_,CAGAATTTATGAAACAACCGA,CB4856-unique
>Chr:IV_15329507_15329528_,TCATTACAAAAAAAAAAGCCA,CB4856-unique
>Chr:IV_15334696_15334717_,TGGGATATTCGATTGCAATTT,CB4856-unique
>Chr:IV_15335538_15335559_,TAATTCCGGATTTTCAAAGTG,CB4856-unique
>Chr:IV_15335541_15335562_,TTCCGGATTTTCAAAGTGCTA,CB4856-unique
>Chr:IV_15336978_15336999_,TTTGAAACAGATGACACATTA,CB4856-unique
>Chr:IV_15390285_15390306_,TGAACCGAAGATTTCACAAAA,CB4856-unique
>Chr:IV_15390286_15390307_,GAACCGAAGATTTCACAAAAA,CB4856-unique
>Chr:IV_15390514_15390535_,TTTTTCTCCGTTTCAAAGTCT,CB4856-unique
>Chr:IV_15390733_15390754_,TAGGAGAAACAAATGTGTTGT,CB4856-unique
>Chr:IV_15396173_15396194_,TCTTGTAGCGATGATGTGATA,CB4856-unique
>Chr:IV_15416960_15416981_,TCTTTATCTTGGACGACGAAA,CB4856-unique
>Chr:IV_15424064_15424085_,AACGTGCAGAAAAAAGAGCTA,CB4856-unique
>Chr:IV_15427839_15427860_,TTTTGGGCGGATTTTTTTGAA,CB4856-unique
>Chr:IV_15428272_15428293_,ACTTGTACTATTATCAATGGA,CB4856-unique
>Chr:IV_15428273_15428294_,CTTGTACTATTATCAATGGAA,CB4856-unique
>Chr:IV_15428610_15428631_,TTTGGACTCGTCATGTATCAA,CB4856-unique
>Chr:IV_15428611_15428632_,TTGGACTCGTCATGTATCAAT,CB4856-unique
>Chr:IV_15429254_15429275_,TGATCTTCAATTTATTTTTCG,CB4856-unique
>Chr:IV_15429257_15429278_,TCTTCAATTTATTTTTCGGTC,CB4856-unique
>Chr:IV_15429475_15429496_,TTGTTCACTACTGTTACATTT,CB4856-unique
>Chr:IV_15429532_15429553_,TCACATCCGGGTGAAAATCTC,CB4856-unique
>Chr:IV_15429563_15429584_,TCCAAACTTATCGCATCCGTA,CB4856-unique
>Chr:IV_15429783_15429804_,TTGGGAGTTGTCATAGGAGAA,CB4856-unique
>Chr:IV_15429784_15429805_,TGGGAGTTGTCATAGGAGAAA,CB4856-unique
>Chr:IV_15430396_15430417_,TTGAATTTGAAGGAAGAATTA,CB4856-unique
>Chr:IV_15431408_15431429_,CATTCGACTCTTTTCATTCGA,CB4856-unique
>Chr:IV_15431668_15431689_,TACGCTCCTGAGTACGCTGTG,CB4856-unique
>Chr:IV_15432498_15432519_,TGATTCCAACTTTTTGCTATC,CB4856-unique
>Chr:IV_15447790_15447811_,TGCACCGTTTTTTCTGTTTTT,CB4856-unique
>Chr:IV_15451677_15451698_,GTCAAGAATAAAAAAACAAGA,CB4856-unique
>Chr:IV_15456295_15456316_,TTCCAATCTGATAATGACTGT,CB4856-unique
>Chr:IV_15459253_15459274_,TTGGACTAGAGTTTTACTGAA,CB4856-unique
>Chr:IV_15471338_15471359_,TTTCATTTTTCTGAAACTACT,CB4856-unique
>Chr:IV_15475110_15475131_,TTATTTTTTAGAATCCATTTA,CB4856-unique
>Chr:IV_15478448_15478469_,ACTCACCTTTTAAAGGAAAAA,CB4856-unique
>Chr:IV_15489455_15489476_,TAACTCATTTTTAGCCTTTCA,CB4856-unique
>Chr:IV_15491502_15491523_,TTATCCATGGATCACGAATTA,CB4856-unique
>Chr:IV_15497425_15497446_,TCTGCTCTATTCTGCCGTAAA,CB4856-unique
>Chr:IV_15497504_15497525_,TCTGCTCTATTCTGCCGTAAA,CB4856-unique
>Chr:IV_15504289_15504310_,GTAATCGTTAGGAAAGTTATA,CB4856-unique
>Chr:IV_15520341_15520362_,ACTGTTATTTCAAAACTGACA,CB4856-unique
>Chr:IV_15520611_15520632_,TTCTCGATTTAATGGAAAAGA,CB4856-unique
>Chr:IV_15523347_15523368_,TGAATTTAATGATCAGTGTTC,CB4856-unique
>Chr:IV_15523874_15523895_,TAAATATTTGAACAATTTTTA,CB4856-unique
>Chr:IV_15533855_15533876_,TTTTAAACTTTTTTGTCGTTT,CB4856-unique
>Chr:IV_15535122_15535143_,TGTCATGTATTTTTTTTGGAT,CB4856-unique
>Chr:IV_15536685_15536706_,TAATTGTCTCTGTGTGGGTAC,CB4856-unique
>Chr:IV_15536688_15536709_,TTGTCTCTGTGTGGGTACATC,CB4856-unique
>Chr:IV_15537006_15537027_,TTTTATTGGAAATTACAGTTC,CB4856-unique
>Chr:IV_15538125_15538146_,GGGCTCCCATCTGATACAATA,CB4856-unique
>Chr:IV_15538927_15538948_,TCGTTATAGGTTTCATTTCTG,CB4856-unique
>Chr:IV_15539207_15539228_,TAAAAAAGTTAAATGCCTGAC,CB4856-unique
>Chr:IV_15548252_15548273_,AGTTCCGTGTTTTTTTTTGAA,CB4856-unique
>Chr:IV_15566096_15566117_,TCTGTGATTAAATTGTGATTA,CB4856-unique
>Chr:IV_15569841_15569862_,TTATTTTAAATCATCGTGAAG,CB4856-unique
>Chr:IV_15569842_15569863_,TATTTTAAATCATCGTGAAGA,CB4856-unique
>Chr:IV_15577468_15577489_,AACTCTCGAAAAAGCTTCTTA,CB4856-unique
>Chr:IV_15577469_15577490_,ACTCTCGAAAAAGCTTCTTAA,CB4856-unique
>Chr:IV_15580955_15580976_,TTAAAGTACACGCTTTACACA,CB4856-unique
>Chr:IV_15580956_15580977_,TAAAGTACACGCTTTACACAA,CB4856-unique
>Chr:IV_15585868_15585889_,CACAATTATTTTAAATTCTCA,CB4856-unique
>Chr:IV_15585908_15585929_,TCTTGTTGAAACTGGCTTGTT,CB4856-unique
>Chr:IV_15586718_15586739_,GATCCCCATTACTCATCCCCA,CB4856-unique
>Chr:IV_15597434_15597455_,ACAAGCTTCGAAAATAGTCAA,CB4856-unique
>Chr:IV_15627375_15627396_,TTCGTCCACTTTTAGTAGGTA,CB4856-unique
>Chr:IV_15634029_15634050_,ACAAAGACCAAACTTCACGCA,CB4856-unique
>Chr:IV_15634030_15634051_,CAAAGACCAAACTTCACGCAA,CB4856-unique
>Chr:IV_15634032_15634053_,AAGACCAAACTTCACGCAATA,CB4856-unique
>Chr:IV_15634033_15634054_,AGACCAAACTTCACGCAATAA,CB4856-unique
>Chr:IV_15634034_15634055_,GACCAAACTTCACGCAATAAA,CB4856-unique
>Chr:IV_15635457_15635478_,TTTTTTTAAACCAGACTTCCA,CB4856-unique
>Chr:IV_15639478_15639499_,AAGTTCCATGTAATCATTTAA,CB4856-unique
>Chr:IV_15658635_15658656_,GTGCCATATTTTCACAAGCTA,CB4856-unique
>Chr:IV_15662076_15662097_,GATTTCCCTACCTTCCATTAA,CB4856-unique
>Chr:IV_15662079_15662100_,TTCCCTACCTTCCATTAAGCA,CB4856-unique
>Chr:IV_15665136_15665157_,TTGACTTAGATATTCTGCATG,CB4856-unique
>Chr:IV_15669067_15669088_,ATTCCTTGATGTCCATGAATA,CB4856-unique
>Chr:IV_15669447_15669468_,AAGTATCAAAAATTCGCAATA,CB4856-unique
>Chr:IV_15669448_15669469_,AGTATCAAAAATTCGCAATAA,CB4856-unique